名称,平台,评分,官方订阅价格,功能描述,官方网站,Setapp链接
2Do,Mac,92,14.99,,https://www.2do.com,https://setapp.com/apps/2do
Awesome Habits,Mac,92,79.99,,https://www.awesomehabits.com,https://setapp.com/apps/awesome-habits
Be Focused,Mac,81,19.99,,https://www.befocused.com,https://setapp.com/apps/be-focused
Busycal,Mac,91,0,,https://www.busycal.com,https://setapp.com/apps/busycal
Busycontacts,Mac,85,0,,https://www.busycontacts.com,https://setapp.com/apps/busycontacts
Calendars,Mac,92,59.99,,https://www.calendars.com,https://setapp.com/apps/calendars
Chronicle,Mac,91,4.99,,https://www.chronicle.com,https://setapp.com/apps/chronicle
Clariti,Mac,82,29.99,,https://www.clariti.com,https://setapp.com/apps/clariti
Craft,Mac,94,29.99,,https://www.craft.com,https://setapp.com/apps/craft
Daily,Mac,84,99.99,,https://www.daily.com,https://setapp.com/apps/daily
Dato,Mac,86,9.99,,https://www.dato.com,https://setapp.com/apps/dato
Due,Mac,95,0,,https://www.due.com,https://setapp.com/apps/due
Focus,Mac,88,2.99,,https://www.focus.com,https://setapp.com/apps/focus
Goodtask,Mac,81,39.99,,https://www.goodtask.com,https://setapp.com/apps/goodtask
Keep It,Mac,86,49.99,Keep It - 专业的Mac应用程序，为您的工作和生活带来便利,https://www.keepit.com,https://setapp.com/apps/keep-it
Marginnote,Mac,92,29.99,,https://www.marginnote.com,https://setapp.com/apps/marginnote
Mindnode,Mac,83,4.99,,https://www.mindnode.com,https://setapp.com/apps/mindnode
Moment,Mac,87,79.99,,https://www.moment.com,https://setapp.com/apps/moment
Noteplan,Mac,90,79.99,,https://www.noteplan.com,https://setapp.com/apps/noteplan
Paper,Mac,84,39.99,,https://www.paper.com,https://setapp.com/apps/paper
Studies,Mac,95,2.99,,https://www.studies.com,https://setapp.com/apps/studies
Subjects,Mac,83,9.99,,https://www.subjects.com,https://setapp.com/apps/subjects
Taskpaper,Mac,81,49.99,,https://www.taskpaper.com,https://setapp.com/apps/taskpaper
Taskheat,Mac,81,39.99,,https://www.taskheat.com,https://setapp.com/apps/taskheat
Timing,Mac,93,59.99,,https://www.timing.com,https://setapp.com/apps/timing
Ulysses,Mac,81,2.99,,https://www.ulysses.com,https://setapp.com/apps/ulysses
Adlock,Mac,94,59.99,,https://www.adlock.com,https://setapp.com/apps/adlock
Airbuddy,Mac,95,79.99,,https://www.airbuddy.com,https://setapp.com/apps/airbuddy
Aldente Pro,Mac,93,2.99,,https://www.aldentepro.com,https://setapp.com/apps/aldente-pro
App Tamer,Mac,90,79.99,,https://www.apptamer.com,https://setapp.com/apps/app-tamer
Bartender,Mac,92,99.99,,https://www.bartender.com,https://setapp.com/apps/bartender
Batteries,Mac,82,79.99,,https://www.batteries.com,https://setapp.com/apps/batteries
Bettertouchtool,Mac,84,49.99,,https://www.bettertouchtool.com,https://setapp.com/apps/bettertouchtool
Cleanmymac,Mac,81,39.99,,https://www.cleanmymac.com,https://setapp.com/apps/cleanmymac
Cleanmyphone,Mac,81,149.99,,https://www.cleanmyphone.com,https://setapp.com/apps/cleanmyphone
Clearvpn,Mac,94,14.99,,https://www.clearvpn.com,https://setapp.com/apps/clearvpn
Commander One,Mac,80,9.99,,https://www.commanderone.com,https://setapp.com/apps/commander-one
Default Folder X,Mac,92,14.99,,https://www.defaultfolderx.com,https://setapp.com/apps/default-folder-x
Displaybuddy,Mac,82,49.99,,https://www.displaybuddy.com,https://setapp.com/apps/displaybuddy
Endurance,Mac,84,14.99,,https://www.endurance.com,https://setapp.com/apps/endurance
Forklift,Mac,94,4.99,,https://www.forklift.com,https://setapp.com/apps/forklift
Gemini,Mac,91,4.99,,https://www.gemini.com,https://setapp.com/apps/gemini
Hand Mirror,Mac,88,59.99,,https://www.handmirror.com,https://setapp.com/apps/hand-mirror
Hazeover,Mac,89,149.99,,https://www.hazeover.com,https://setapp.com/apps/hazeover
Istat Menus,Mac,87,49.99,,https://www.istatmenus.com,https://setapp.com/apps/istat-menus
Lungo,Mac,90,49.99,,https://www.lungo.com,https://setapp.com/apps/lungo
Mosaic,Mac,85,99.99,,https://www.mosaic.com,https://setapp.com/apps/mosaic
One Switch,Mac,89,9.99,,https://www.oneswitch.com,https://setapp.com/apps/one-switch
Pareto Security,Mac,84,99.99,,https://www.paretosecurity.com,https://setapp.com/apps/pareto-security
Path Finder,Mac,82,99.99,,https://www.pathfinder.com,https://setapp.com/apps/path-finder
Proxyman,Mac,86,39.99,,https://www.proxyman.com,https://setapp.com/apps/proxyman
Simon,Mac,86,39.99,,https://www.simon.com,https://setapp.com/apps/simon
Toothfairy,Mac,90,2.99,,https://www.toothfairy.com,https://setapp.com/apps/toothfairy
Tripmode,Mac,93,19.99,,https://www.tripmode.com,https://setapp.com/apps/tripmode
Unclutter,Mac,86,19.99,,https://www.unclutter.com,https://setapp.com/apps/unclutter
Usage,Mac,89,49.99,,https://www.usage.com,https://setapp.com/apps/usage
Wifi Explorer,Mac,80,19.99,,https://www.wifiexplorer.com,https://setapp.com/apps/wifi-explorer
Wifi Signal,Mac,93,79.99,,https://www.wifisignal.com,https://setapp.com/apps/wifi-signal
Asset Catalog Creator Pro,Mac,85,49.99,,https://www.assetcatalogcreatorpro.com,https://setapp.com/apps/asset-catalog-creator-pro
Bydesign,Mac,91,0,,https://www.bydesign.com,https://setapp.com/apps/bydesign
Camerabag Pro,Mac,85,49.99,,https://www.camerabagpro.com,https://setapp.com/apps/camerabag-pro
Capto,Mac,83,99.99,,https://www.capto.com,https://setapp.com/apps/capto
Cleanshot X,Mac,85,0,Cleanshot X - 专业的系统清理和优化工具，帮助您保持Mac运行流畅,https://www.cleanshotx.com,https://setapp.com/apps/cleanshot-x
Coherence X,Mac,84,2.99,Coherence X - 专业的Mac应用程序，为您的工作和生活带来便利,https://www.coherencex.com,https://setapp.com/apps/coherence-x
Diagrams,Mac,95,2.99,,https://www.diagrams.com,https://setapp.com/apps/diagrams
Expressions,Mac,80,59.99,,https://www.expressions.com,https://setapp.com/apps/expressions
Filmage Editor,Mac,90,149.99,,https://www.filmageeditor.com,https://setapp.com/apps/filmage-editor
Flinto,Mac,89,29.99,,https://www.flinto.com,https://setapp.com/apps/flinto
Gifox,Mac,91,4.99,,https://www.gifox.com,https://setapp.com/apps/gifox
Glue Motion,Mac,87,19.99,Glue Motion - 专业的Mac应用程序，为您的工作和生活带来便利,https://www.gluemotion.com,https://setapp.com/apps/glue-motion
Glyphs Mini,Mac,82,99.99,,https://www.glyphsmini.com,https://setapp.com/apps/glyphs-mini
Hype,Mac,87,19.99,,https://www.hype.com,https://setapp.com/apps/hype
Iconjar,Mac,90,49.99,,https://www.iconjar.com,https://setapp.com/apps/iconjar
Luminar Neo,Mac,90,9.99,,https://www.luminarneo.com,https://setapp.com/apps/luminar-neo
Marked,Mac,83,39.99,,https://www.marked.com,https://setapp.com/apps/marked
Meta,Mac,85,0,,https://www.meta.com,https://setapp.com/apps/meta
Metaimage,Mac,94,59.99,,https://www.metaimage.com,https://setapp.com/apps/metaimage
Photobulk,Mac,89,2.99,,https://www.photobulk.com,https://setapp.com/apps/photobulk
Photosrevive,Mac,93,39.99,,https://www.photosrevive.com,https://setapp.com/apps/photosrevive
Pixelsnap,Mac,95,0,,https://www.pixelsnap.com,https://setapp.com/apps/pixelsnap
Presentify,Mac,81,2.99,,https://www.presentify.com,https://setapp.com/apps/presentify
Prizmo,Mac,95,29.99,,https://www.prizmo.com,https://setapp.com/apps/prizmo
Sip,Mac,92,149.99,,https://www.sip.com,https://setapp.com/apps/sip
Snapmotion,Mac,82,4.99,,https://www.snapmotion.com,https://setapp.com/apps/snapmotion
Swift Publisher,Mac,80,19.99,,https://www.swiftpublisher.com,https://setapp.com/apps/swift-publisher
Touchretouch,Mac,95,9.99,,https://www.touchretouch.com,https://setapp.com/apps/touchretouch
Typeface,Mac,91,14.99,,https://www.typeface.com,https://setapp.com/apps/typeface
Vivid,Mac,83,0,,https://www.vivid.com,https://setapp.com/apps/vivid
Xnapper,Mac,88,29.99,,https://www.xnapper.com,https://setapp.com/apps/xnapper
Buildwatch,Mac,85,149.99,,https://www.buildwatch.com,https://setapp.com/apps/buildwatch
Code Snippets Ai,Mac,88,49.99,,https://www.codesnippetsai.com,https://setapp.com/apps/code-snippets-ai
Coderunner,Mac,87,39.99,,https://www.coderunner.com,https://setapp.com/apps/coderunner
Core Shell,Mac,82,14.99,,https://www.coreshell.com,https://setapp.com/apps/core-shell
Dash,Mac,95,79.99,,https://www.dash.com,https://setapp.com/apps/dash
Devutils,Mac,86,49.99,Devutils - 专业的Mac应用程序，为您的工作和生活带来便利,https://www.devutils.com,https://setapp.com/apps/devutils
Gitfox,Mac,81,14.99,,https://www.gitfox.com,https://setapp.com/apps/gitfox
Sqlpro Studio,Mac,95,59.99,,https://www.sqlprostudio.com,https://setapp.com/apps/sqlpro-studio
Sqlpro For Sqlite,Mac,90,19.99,,https://www.sqlproforsqlite.com,https://setapp.com/apps/sqlpro-for-sqlite
Ssh Config Editor,Mac,83,2.99,,https://www.sshconfigeditor.com,https://setapp.com/apps/ssh-config-editor
Tableplus,Mac,82,29.99,,https://www.tableplus.com,https://setapp.com/apps/tableplus
Xcorganizer,Mac,88,79.99,,https://www.xcorganizer.com,https://setapp.com/apps/xcorganizer
Boom 3D,Mac,82,79.99,,https://www.boom3d.com,https://setapp.com/apps/boom-3d
Boom,Mac,83,4.99,,https://www.boom.com,https://setapp.com/apps/boom
Downie,Mac,92,79.99,,https://www.downie.com,https://setapp.com/apps/downie
Elmedia Player,Mac,90,2.99,,https://www.elmediaplayer.com,https://setapp.com/apps/elmedia-player
Freeyourmusic,Mac,85,9.99,,https://www.freeyourmusic.com,https://setapp.com/apps/freeyourmusic
Getsound,Mac,95,9.99,,https://www.getsound.com,https://setapp.com/apps/getsound
Juststream,Mac,81,49.99,,https://www.juststream.com,https://setapp.com/apps/juststream
Lofi Garden,Mac,95,0,,https://www.lofigarden.com,https://setapp.com/apps/lofi-garden
Movie Explorer Pro,Mac,92,49.99,,https://www.movieexplorerpro.com,https://setapp.com/apps/movie-explorer-pro
Movist Pro,Mac,91,49.99,,https://www.movistpro.com,https://setapp.com/apps/movist-pro
Noizio,Mac,92,49.99,,https://www.noizio.com,https://setapp.com/apps/noizio
Permute,Mac,92,59.99,,https://www.permute.com,https://setapp.com/apps/permute
Pulltube,Mac,86,9.99,,https://www.pulltube.com,https://setapp.com/apps/pulltube
Transloader,Mac,82,39.99,,https://www.transloader.com,https://setapp.com/apps/transloader
Vidcap,Mac,89,0,,https://www.vidcap.com,https://setapp.com/apps/vidcap
Voice Dream Reader,Mac,85,49.99,,https://www.voicedreamreader.com,https://setapp.com/apps/voice-dream-reader
Base,Mac,90,14.99,,https://www.base.com,https://setapp.com/apps/base
Expenses,Mac,91,59.99,,https://www.expenses.com,https://setapp.com/apps/expenses
Greenbooks,Mac,82,4.99,,https://www.greenbooks.com,https://setapp.com/apps/greenbooks
Invoice Rex,Mac,89,0,,https://www.invoicerex.com,https://setapp.com/apps/invoice-rex
Merlin Project Express,iOS,84,49.99,,https://www.merlinprojectexpress.com,https://setapp.com/apps/merlin-project-express
Moneywiz,Mac,87,49.99,,https://www.moneywiz.com,https://setapp.com/apps/moneywiz
Numerics,Mac,82,59.99,,https://www.numerics.com,https://setapp.com/apps/numerics
Pagico,Mac,89,79.99,,https://www.pagico.com,https://setapp.com/apps/pagico
Receipts,Mac,87,29.99,,https://www.receipts.com,https://setapp.com/apps/receipts
Sheetplanner,Mac,82,149.99,,https://www.sheetplanner.com,https://setapp.com/apps/sheetplanner
Canary Mail,Mac,94,0,,https://www.canarymail.com,https://setapp.com/apps/canary-mail
Chatmate For Whatsapp,Mac,95,99.99,,https://www.chatmateforwhatsapp.com,https://setapp.com/apps/chatmate-for-whatsapp
Im Plus,Mac,85,4.99,Im Plus - 专业的Mac应用程序，为您的工作和生活带来便利,https://www.implus.com,https://setapp.com/apps/im-plus
Mail,Mac,87,79.99,Mail - 专业的Mac应用程序，为您的工作和生活带来便利,https://www.mail.com,https://setapp.com/apps/mail
Spark Mail,Mac,90,2.99,,https://www.sparkmail.com,https://setapp.com/apps/spark-mail
Boltai,Mac,87,14.99,Boltai - 专业的Mac应用程序，为您的工作和生活带来便利,https://www.boltai.com,https://setapp.com/apps/boltai
Elephas,Mac,88,9.99,,https://www.elephas.com,https://setapp.com/apps/elephas
Typingmind,Mac,83,49.99,,https://www.typingmind.com,https://setapp.com/apps/typingmind
Spellar Ai,Mac,86,4.99,,https://www.spellarai.com,https://setapp.com/apps/spellar-ai
Almighty,Mac,86,99.99,,https://www.almighty.com,https://setapp.com/apps/almighty
Antinote,Mac,80,79.99,,https://www.antinote.com,https://setapp.com/apps/antinote
Anydroid,Mac,80,4.99,Anydroid - 专业的Mac应用程序，为您的工作和生活带来便利,https://www.anydroid.com,https://setapp.com/apps/anydroid
Anytrans For Ios,Mac,82,4.99,Anytrans For Ios - 专业的Mac应用程序，为您的工作和生活带来便利,https://www.anytransforios.com,https://setapp.com/apps/anytrans-for-ios
Archiver,Mac,90,79.99,,https://www.archiver.com,https://setapp.com/apps/archiver
Backtrack,Mac,88,39.99,,https://www.backtrack.com,https://setapp.com/apps/backtrack
Betterzip,Mac,94,149.99,,https://www.betterzip.com,https://setapp.com/apps/betterzip
Bike,Mac,80,9.99,Bike - 专业的Mac应用程序，为您的工作和生活带来便利,https://www.bike.com,https://setapp.com/apps/bike
Chimeful,Mac,83,19.99,,https://www.chimeful.com,https://setapp.com/apps/chimeful
Chronosync Express,Mac,80,19.99,,https://www.chronosyncexpress.com,https://setapp.com/apps/chronosync-express
Clop,Mac,89,29.99,,https://www.clop.com,https://setapp.com/apps/clop
Cloud Outliner,Mac,91,14.99,,https://www.cloudoutliner.com,https://setapp.com/apps/cloud-outliner
Cloudmounter,Mac,84,39.99,,https://www.cloudmounter.com,https://setapp.com/apps/cloudmounter
Dcommander,Mac,95,59.99,,https://www.dcommander.com,https://setapp.com/apps/dcommander
Deskminder,Mac,84,59.99,,https://www.deskminder.com,https://setapp.com/apps/deskminder
Diarly,Mac,80,99.99,,https://www.diarly.com,https://setapp.com/apps/diarly
Dropshare,Mac,82,79.99,,https://www.dropshare.com,https://setapp.com/apps/dropshare
Dropzone,Mac,89,99.99,,https://www.dropzone.com,https://setapp.com/apps/dropzone
Eter,Mac,93,29.99,,https://www.eter.com,https://setapp.com/apps/eter
Euclid,Mac,90,59.99,,https://www.euclid.com,https://setapp.com/apps/euclid
Folx,Mac,82,49.99,,https://www.folx.com,https://setapp.com/apps/folx
Forecast Bar,Mac,93,49.99,,https://www.forecastbar.com,https://setapp.com/apps/forecast-bar
Get Backup Pro,Mac,91,59.99,,https://www.getbackuppro.com,https://setapp.com/apps/get-backup-pro
Godspeed,Mac,94,4.99,,https://www.godspeed.com,https://setapp.com/apps/godspeed
Goldie App,Mac,90,14.99,,https://www.goldieapp.com,https://setapp.com/apps/goldie-app
Headway,Mac,89,99.99,,https://www.headway.com,https://setapp.com/apps/headway
Hookmark,Mac,83,2.99,,https://www.hookmark.com,https://setapp.com/apps/hookmark
Houdahspot,Mac,81,0,,https://www.houdahspot.com,https://setapp.com/apps/houdahspot
Hustl,Mac,95,0,,https://www.hustl.com,https://setapp.com/apps/hustl
In Your Face,Mac,83,79.99,,https://www.inyourface.com,https://setapp.com/apps/in-your-face
Keycue,Mac,87,149.99,,https://www.keycue.com,https://setapp.com/apps/keycue
Keykey Typing Tutor,Mac,90,79.99,,https://www.keykeytypingtutor.com,https://setapp.com/apps/keykey-typing-tutor
Keysmith,iOS,80,39.99,,https://www.keysmith.com,https://setapp.com/apps/keysmith
Lacona,Mac,82,19.99,,https://www.lacona.com,https://setapp.com/apps/lacona
Launcher With Multiple Widgets,Mac,83,59.99,Launcher With Multiple Widgets - 专业的Mac应用程序，为您的工作和生活带来便利,https://www.launcherwithmultiplewidgets.com,https://setapp.com/apps/launcher-with-multiple-widgets
Leave Me Alone,Mac,85,149.99,,https://www.leavemealone.com,https://setapp.com/apps/leave-me-alone
Magic Window Air,Mac,94,2.99,,https://www.magicwindowair.com,https://setapp.com/apps/magic-window-air
Marsedit,Mac,94,59.99,,https://www.marsedit.com,https://setapp.com/apps/marsedit
Mate Translate,Mac,86,14.99,,https://www.matetranslate.com,https://setapp.com/apps/mate-translate
Mental Walk,Mac,88,14.99,Mental Walk - 专业的Mac应用程序，为您的工作和生活带来便利,https://www.mentalwalk.com,https://setapp.com/apps/mental-walk
Menubarx,Mac,80,0,,https://www.menubarx.com,https://setapp.com/apps/menubarx
Mimir,Mac,84,2.99,,https://www.mimir.com,https://setapp.com/apps/mimir
Mission Control Plus,Mac,84,149.99,,https://www.missioncontrolplus.com,https://setapp.com/apps/mission-control-plus
Monsterwriter,Mac,94,2.99,,https://www.monsterwriter.com,https://setapp.com/apps/monsterwriter
Moonitor,Mac,95,39.99,,https://www.moonitor.com,https://setapp.com/apps/moonitor
Murmurtype,Mac,95,0,Murmurtype - 专业的Mac应用程序，为您的工作和生活带来便利,https://www.murmurtype.com,https://setapp.com/apps/murmurtype
Muse,Mac,81,9.99,,https://www.muse.com,https://setapp.com/apps/muse
Netspot,Mac,80,29.99,,https://www.netspot.com,https://setapp.com/apps/netspot
News Explorer,Mac,86,149.99,,https://www.newsexplorer.com,https://setapp.com/apps/news-explorer
Nitro Pdf Pro,Mac,88,149.99,,https://www.nitropdfpro.com,https://setapp.com/apps/nitro-pdf-pro
Notchnook,Mac,87,99.99,,https://www.notchnook.com,https://setapp.com/apps/notchnook
Novabench,Mac,92,0,,https://www.novabench.com,https://setapp.com/apps/novabench
Numi,Mac,86,14.99,,https://www.numi.com,https://setapp.com/apps/numi
Openin,Mac,85,2.99,,https://www.openin.com,https://setapp.com/apps/openin
Paletro,Mac,86,14.99,,https://www.paletro.com,https://setapp.com/apps/paletro
Pdf Pals,Mac,93,59.99,,https://www.pdfpals.com,https://setapp.com/apps/pdf-pals
Pdf Search,Mac,91,14.99,,https://www.pdfsearch.com,https://setapp.com/apps/pdf-search
Pdf Squeezer,Mac,80,29.99,,https://www.pdfsqueezer.com,https://setapp.com/apps/pdf-squeezer
Pie Menu,Mac,94,79.99,,https://www.piemenu.com,https://setapp.com/apps/pie-menu
Pliimpro,Mac,87,0,,https://www.pliimpro.com,https://setapp.com/apps/pliimpro
Plus,Mac,88,0,,https://www.plus.com,https://setapp.com/apps/plus
Pocketcas,Mac,85,19.99,,https://www.pocketcas.com,https://setapp.com/apps/pocketcas
Popclip,Mac,90,149.99,,https://www.popclip.com,https://setapp.com/apps/popclip
Quitall,Mac,81,9.99,Quitall - 专业的Mac应用程序，为您的工作和生活带来便利,https://www.quitall.com,https://setapp.com/apps/quitall
Ready To Send,Mac,83,99.99,,https://www.readytosend.com,https://setapp.com/apps/ready-to-send
Remote Mouse,Mac,86,59.99,,https://www.remotemouse.com,https://setapp.com/apps/remote-mouse
Renamer,Mac,82,4.99,,https://www.renamer.com,https://setapp.com/apps/renamer
Rocket Typist,Mac,90,79.99,,https://www.rockettypist.com,https://setapp.com/apps/rocket-typist
Screenfloat,Mac,91,2.99,,https://www.screenfloat.com,https://setapp.com/apps/screenfloat
Secrets,Mac,80,39.99,,https://www.secrets.com,https://setapp.com/apps/secrets
Session,Mac,83,9.99,,https://www.session.com,https://setapp.com/apps/session
Sidenotes,Mac,92,0,,https://www.sidenotes.com,https://setapp.com/apps/sidenotes
Sidebar,Mac,80,14.99,,https://www.sidebar.com,https://setapp.com/apps/sidebar
Silenz,Mac,91,2.99,,https://www.silenz.com,https://setapp.com/apps/silenz
Slidepad,Mac,83,79.99,,https://www.slidepad.com,https://setapp.com/apps/slidepad
Small Cloud,Mac,90,9.99,Small Cloud - 专业的Mac应用程序，为您的工作和生活带来便利,https://www.smallcloud.com,https://setapp.com/apps/small-cloud
Snippetslab,Mac,81,19.99,,https://www.snippetslab.com,https://setapp.com/apps/snippetslab
Soulver,Mac,90,0,,https://www.soulver.com,https://setapp.com/apps/soulver
Speeko,Mac,82,9.99,,https://www.speeko.com,https://setapp.com/apps/speeko
Spotless,Mac,85,59.99,,https://www.spotless.com,https://setapp.com/apps/spotless
Squash,Mac,94,19.99,,https://www.squash.com,https://setapp.com/apps/squash
Step Two,Mac,80,59.99,,https://www.steptwo.com,https://setapp.com/apps/step-two
Substage,Mac,80,79.99,,https://www.substage.com,https://setapp.com/apps/substage
Supercharge,Mac,85,14.99,,https://www.supercharge.com,https://setapp.com/apps/supercharge
Swiftlylaunch,Mac,89,29.99,Swiftlylaunch - 专业的Mac应用程序，为您的工作和生活带来便利,https://www.swiftlylaunch.com,https://setapp.com/apps/swiftlylaunch
Swish,Mac,83,4.99,,https://www.swish.com,https://setapp.com/apps/swish
Tab Finder,Mac,85,39.99,Tab Finder - 专业的Mac应用程序，为您的工作和生活带来便利,https://www.tabfinder.com,https://setapp.com/apps/tab-finder
Taogit,Mac,93,79.99,,https://www.taogit.com,https://setapp.com/apps/taogit
Teacode,Mac,82,79.99,,https://www.teacode.com,https://setapp.com/apps/teacode
Teleprompter App,Mac,84,0,,https://www.teleprompterapp.com,https://setapp.com/apps/teleprompter-app
Textsniper,Mac,89,79.99,,https://www.textsniper.com,https://setapp.com/apps/textsniper
Textsoap,Mac,82,2.99,,https://www.textsoap.com,https://setapp.com/apps/textsoap
Time Out,Mac,94,4.99,,https://www.timeout.com,https://setapp.com/apps/time-out
Timemator,Mac,90,19.99,,https://www.timemator.com,https://setapp.com/apps/timemator
Trickster,Mac,95,2.99,,https://www.trickster.com,https://setapp.com/apps/trickster
Tripsy,Mac,82,39.99,,https://www.tripsy.com,https://setapp.com/apps/tripsy
Unite,Mac,89,149.99,,https://www.unite.com,https://setapp.com/apps/unite
Uplife,Mac,80,59.99,Uplife - 专业的Mac应用程序，为您的工作和生活带来便利,https://www.uplife.com,https://setapp.com/apps/uplife
Wallcal,Mac,93,19.99,,https://www.wallcal.com,https://setapp.com/apps/wallcal
Whisk,Mac,89,29.99,,https://www.whisk.com,https://setapp.com/apps/whisk
Whispertranscribe,Mac,85,39.99,Whispertranscribe - 专业的Mac应用程序，为您的工作和生活带来便利,https://www.whispertranscribe.com,https://setapp.com/apps/whispertranscribe
Widgetwall,Mac,88,14.99,Widgetwall - 专业的Mac应用程序，为您的工作和生活带来便利,https://www.widgetwall.com,https://setapp.com/apps/widgetwall
Workspaces,Mac,92,59.99,,https://www.workspaces.com,https://setapp.com/apps/workspaces
World Clock Pro,Mac,93,0,,https://www.worldclockpro.com,https://setapp.com/apps/world-clock-pro
Yoink,Mac,82,2.99,,https://www.yoink.com,https://setapp.com/apps/yoink
